{"Electrical Conductivity": {"n": 66, "p_value": 0.13656122340437435, "tau": 0.12546643155778778}, "Temperature": {"n": 82, "p_value": 0.5533529110357243, "tau": 0.04466587569778188}, "Magnesium, Dissolved": {"n": 41, "p_value": 0.0015930816050142636, "tau": 0.34373249414704055}, "Calcium, Dissolved": {"n": 41, "p_value": 0.012238344413157905, "tau": 0.27245006044412834}, "Chloride, Dissolved": {"n": 52, "p_value": 0.16480570397656447, "tau": 0.1330313321905564}, "Specific Conductivity": {"n": 78, "p_value": 0.020272450851013524, "tau": 0.179243733860674}, "Sulfate, Dissolved": {"n": 43, "p_value": 0.2453212123164411, "tau": 0.12305994258876578}, "Boron, Dissolved": {"n": 45, "p_value": 0.0005791423296953544, "tau": 0.3651543334221813}, "Sodium, Dissolved": {"n": 37, "p_value": 0.2549474241796028, "tau": 0.13112376424766162}, "E. coli (Single Sample)": {"n": 48, "p_value": 0.5876141916156588, "tau": -0.05700867624057568}, "Nitrogen, Total": {"n": 65, "p_value": 0.2622767414312551, "tau": -0.09528397098527637}, "Total Suspended Solids": {"n": 73, "p_value": 0.022356261839908766, "tau": 0.18463492292400188}, "pH": {"n": 70, "p_value": 0.7485182854154997, "tau": -0.02684227610393663}, "Alkalinity as CaCO3, Total": {"n": 66, "p_value": 0.08160698110435673, "tau": 0.149304077793384}, "Turbidity, Total": {"n": 94, "p_value": 0.034852563069192176, "tau": -0.1478768698142402}, "Fluoride, Dissolved": {"n": 36, "p_value": 0.20520511061471636, "tau": 0.1477363452518731}, "Phosphorus, Total": {"n": 65, "p_value": 0.768374203075791, "tau": 0.025133269662464174}, "Oxygen, Dissolved, Total": {"n": 70, "p_value": 0.3054804162335646, "tau": -0.08432756960328552}, "Potassium, Dissolved": {"n": 37, "p_value": 0.1577260526182629, "tau": 0.16240619866164335}, "Oxygen, Saturation, Total": {"n": 55, "p_value": 0.129164759148077, "tau": 0.1409306743504273}, "Coliform, Fecal (Single Sample)": {"n": 84, "p_value": 0.1790689030252932, "tau": 0.1057814947611692}, "Total Dissolved Solids": {"n": 90, "p_value": 0.4246830922931011, "tau": 0.057408225215444}}