{"Electrical Conductivity": {"n": 65, "p_value": 0.9368242841675216, "tau": -0.0067340075130016925}, "Temperature": {"n": 79, "p_value": 0.26729501569216174, "tau": 0.08527290564698502}, "Magnesium, Dissolved": {"n": 38, "p_value": 0.04837024986393487, "tau": 0.22364695055951658}, "Nitrogen, Total (Calculated)": {"n": 48, "p_value": 0.03770321211348153, "tau": -0.21178807854478338}, "Specific Conductivity": {"n": 82, "p_value": 0.6110308620854765, "tau": -0.03829338549362756}, "E. coli (Geometric Mean)": {"n": 6, "p_value": 0.05555555555555555, "tau": 0.7333333333333333}, "OrthoPhosphate as P, Dissolved": {"n": 59, "p_value": 1.4486958679925379e-05, "tau": 0.3925703317199198}, "Sulfate, Dissolved": {"n": 50, "p_value": 0.36613783881156114, "tau": 0.08848892592150238}, "Salinity": {"n": 67, "p_value": 0.5019785611399834, "tau": -0.06797790525059959}, "E. coli (Single Sample)": {"n": 49, "p_value": 0.05409300418452062, "tau": -0.2123315816050109}, "Sodium, Dissolved": {"n": 38, "p_value": 0.2684712324958768, "tau": 0.1254457607674872}, "Boron, Dissolved": {"n": 77, "p_value": 0.2863114158510047, "tau": 0.08421698711780723}, "Chloride, Dissolved": {"n": 78, "p_value": 0.6379980478943847, "tau": -0.036541216892990475}, "Nitrogen, Total": {"n": 30, "p_value": 0.0031258893685940877, "tau": 0.3874104116954681}, "Nitrate + Nitrite as N, Dissolved": {"n": 79, "p_value": 0.12178640017962579, "tau": -0.12007671064156897}, "pH": {"n": 82, "p_value": 0.9646550208690683, "tau": 0.0034612436361913697}, "Alkalinity as CaCO3, Total": {"n": 68, "p_value": 0.25167048918095214, "tau": -0.09701691169471297}, "Turbidity, Total": {"n": 74, "p_value": 0.3726981348342845, "tau": 0.0708195068850951}, "Fluoride, Dissolved": {"n": 38, "p_value": 0.7721365717534211, "tau": 0.032999787997317086}, "Phosphorus, Total": {"n": 80, "p_value": 0.014370039360429455, "tau": -0.18731316971619305}, "Oxygen, Dissolved, Total": {"n": 64, "p_value": 0.8663854549410026, "tau": 0.014592695355554422}, "Potassium, Dissolved": {"n": 38, "p_value": 0.7724286974715999, "tau": 0.032763566005534275}, "Oxygen, Saturation, Total": {"n": 54, "p_value": 0.02878451828414649, "tau": 0.2053266651000636}, "Calcium, Dissolved": {"n": 39, "p_value": 0.18718744133027798, "tau": 0.14749715721397746}, "Coliform, Fecal (Single Sample)": {"n": 86, "p_value": 0.5843799631174185, "tau": -0.045049243212023415}, "Total Dissolved Solids": {"n": 74, "p_value": 0.5945960705777723, "tau": -0.042419139837715836}}