{"Oxygen, Dissolved, Total": {"n": 69, "p_value": 0.8520087323189547, "tau": -0.015451008077575466}, "Electrical Conductivity": {"n": 76, "p_value": 0.09259990247135959, "tau": 0.1316020374707956}, "pH": {"n": 103, "p_value": 0.14233999793661387, "tau": -0.10178985179820646}, "Temperature": {"n": 99, "p_value": 0.18739722298829975, "tau": 0.09018565298676559}, "Alkalinity as CaCO3, Total": {"n": 66, "p_value": 0.09141722879980829, "tau": -0.14525532635894164}, "Turbidity, Total": {"n": 93, "p_value": 0.030714765016153698, "tau": 0.15244140123206426}, "Fluoride, Dissolved": {"n": 37, "p_value": 0.0010298253723477354, "tau": 0.41617000049736186}, "Specific Conductivity": {"n": 96, "p_value": 0.6507984192706916, "tau": 0.0313975282081786}, "Phosphorus, Total": {"n": 112, "p_value": 0.2826518246978166, "tau": -0.06939498278733396}, "Nitrogen, Total": {"n": 82, "p_value": 0.38479920787913546, "tau": -0.06549973820030631}, "E. coli (Geometric Mean)": {"n": 5, "p_value": 0.08326451666355045, "tau": -0.7745966692414834}, "Oxygen, Saturation, Total": {"n": 53, "p_value": 0.00306056622302434, "tau": 0.2809327770822759}, "OrthoPhosphate as P, Dissolved": {"n": 62, "p_value": 1.4247597805086994e-05, "tau": 0.3840169828293472}, "Sulfate, Dissolved": {"n": 107, "p_value": 0.582812689099738, "tau": -0.03612891531876859}, "Boron, Dissolved": {"n": 75, "p_value": 0.7942887195376122, "tau": 0.02055536055728855}, "Coliform, Fecal (Single Sample)": {"n": 80, "p_value": 0.012891263131408507, "tau": 0.19731551861686777}, "E. coli (Single Sample)": {"n": 44, "p_value": 0.004455014460663673, "tau": 0.30836117032297494}, "Chloride, Dissolved": {"n": 78, "p_value": 0.2924084788182839, "tau": 0.0814013046675142}, "Total Dissolved Solids": {"n": 81, "p_value": 0.9804732490452914, "tau": 0.0018587489031061271}}