{"Electrical Conductivity": {"n": 80, "p_value": 0.8127812240600587, "tau": 0.01806945209648077}, "Temperature": {"n": 97, "p_value": 0.6670058511952323, "tau": 0.02979961366731879}, "Kjeldahl Nitrogen, Total": {"n": 78, "p_value": 0.9380913667176654, "tau": 0.006005014278751049}, "Magnesium, Dissolved": {"n": 41, "p_value": 0.12098326098309801, "tau": 0.16891178746856622}, "Calcium, Dissolved": {"n": 41, "p_value": 0.30144560627518735, "tau": 0.11219512195121951}, "Specific Conductivity": {"n": 89, "p_value": 0.9378487470278379, "tau": -0.005630920523566975}, "OrthoPhosphate as P, Dissolved": {"n": 67, "p_value": 4.346211573855807e-05, "tau": 0.3531061158148578}, "Sulfate, Dissolved": {"n": 109, "p_value": 0.47304210785344103, "tau": -0.04663837962153199}, "Salinity": {"n": 87, "p_value": 0.25141121236811914, "tau": 0.10127286809663516}, "E. coli (Single Sample)": {"n": 36, "p_value": 0.8321307615584496, "tau": 0.0265934875204571}, "Sodium, Dissolved": {"n": 41, "p_value": 0.29099772733402485, "tau": -0.11477420032935956}, "Boron, Dissolved": {"n": 49, "p_value": 0.009676828100044114, "tau": 0.2561936249243627}, "Chloride, Dissolved": {"n": 110, "p_value": 0.008734714402739863, "tau": -0.16990396236440475}, "Nitrogen, Total": {"n": 44, "p_value": 0.7770018208387206, "tau": -0.029629646219117334}, "pH": {"n": 100, "p_value": 0.16010248711600705, "tau": 0.098046939888238}, "Alkalinity as CaCO3, Total": {"n": 71, "p_value": 0.03769275423078684, "tau": -0.17554569053798036}, "Turbidity, Total": {"n": 90, "p_value": 0.4206718798981116, "tau": 0.05788058663908983}, "Fluoride, Dissolved": {"n": 41, "p_value": 0.9719343789620144, "tau": 0.004093489479182704}, "Phosphorus, Total": {"n": 111, "p_value": 0.03860834733881383, "tau": -0.13434677035608633}, "Oxygen, Dissolved, Total": {"n": 71, "p_value": 0.8736966061562083, "tau": 0.013006131473826826}, "Potassium, Dissolved": {"n": 41, "p_value": 0.4584500628391399, "tau": 0.08058614065678438}, "Oxygen, Saturation, Total": {"n": 59, "p_value": 0.025309348371953255, "tau": 0.20005857365077734}, "Nitrate as Nitrogen": {"n": 11, "p_value": 0.8142257038823608, "tau": 0.05556508399324771}, "Coliform, Fecal (Single Sample)": {"n": 69, "p_value": 0.5150987646912383, "tau": 0.05885527365934862}, "Total Dissolved Solids": {"n": 80, "p_value": 0.9204923098052326, "tau": -0.007687949390293239}}