{"Electrical Conductivity": {"n": 11, "p_value": 0.06017015392015392, "tau": -0.45454545454545453}, "Temperature": {"n": 11, "p_value": 0.6480954385121052, "tau": 0.1272727272727273}, "Magnesium, Dissolved": {"n": 9, "p_value": 0.18018077601410934, "tau": -0.3888888888888889}, "Calcium, Dissolved": {"n": 9, "p_value": 0.761414241622575, "tau": -0.1111111111111111}, "Chloride, Dissolved": {"n": 10, "p_value": 0.07255015432098766, "tau": -0.4666666666666666}, "Boron, Total": {"n": 10, "p_value": 0.38071979717813054, "tau": -0.24444444444444444}, "E. coli (Geometric Mean)": {"n": 3, "p_value": 1.0, "tau": -0.33333333333333337}, "OrthoPhosphate as P, Dissolved": {"n": 10, "p_value": 0.6006536596119929, "tau": -0.15555555555555553}, "Sulfate, Dissolved": {"n": 10, "p_value": 0.38071979717813054, "tau": -0.24444444444444444}, "Sodium, Dissolved": {"n": 9, "p_value": 0.25951829805996474, "tau": -0.3333333333333333}, "E. coli (Single Sample)": {"n": 32, "p_value": 0.3427509280854004, "tau": 0.12765308825538593}, "Nitrogen, Total": {"n": 10, "p_value": 0.1557418430335097, "tau": 0.37777777777777777}, "Total Suspended Solids": {"n": 26, "p_value": 0.929659314205143, "tau": -0.012403473458920844}, "pH": {"n": 11, "p_value": 0.7482537255434507, "tau": 0.07784989441615231}, "Alkalinity as CaCO3, Total": {"n": 10, "p_value": 0.058290580139488776, "tau": -0.47739603762933147}, "Fluoride, Dissolved": {"n": 10, "p_value": 0.41196240307221876, "tau": 0.20952908873087348}, "Turbidity, Total": {"n": 23, "p_value": 0.43249287041044493, "tau": -0.1225296442687747}, "Phosphorus, Total": {"n": 10, "p_value": 0.02860945767195767, "tau": 0.5555555555555555}, "Oxygen, Dissolved, Total": {"n": 4, "p_value": 0.75, "tau": 0.3333333333333334}, "Potassium, Dissolved": {"n": 9, "p_value": 0.11943893298059964, "tau": -0.4444444444444444}, "Oxygen, Saturation, Total": {"n": 4, "p_value": 0.3333333333333333, "tau": 0.6666666666666669}, "Specific Conductivity": {"n": 11, "p_value": 0.00994553671637005, "tau": -0.6000000000000001}, "Coliform, Fecal (Single Sample)": {"n": 32, "p_value": 0.6361052994532201, "tau": 0.06317854212528627}, "Total Dissolved Solids": {"n": 27, "p_value": 0.6763917525848573, "tau": 0.05739028586914358}}