{"Chloride, Dissolved": {"n": 48, "p_value": 0.7221778164572743, "tau": 0.035492471824703956}, "pH": {"n": 62, "p_value": 0.9562587127402926, "tau": 0.004887584783195567}, "Temperature": {"n": 60, "p_value": 0.8233242980267087, "tau": -0.019824476744241676}, "Alkalinity as CaCO3, Total": {"n": 31, "p_value": 0.8646310370945463, "tau": -0.02190960341873412}, "Turbidity, Total": {"n": 63, "p_value": 0.006138163368163064, "tau": 0.23674103841988556}, "Nitrogen, Total (Calculated)": {"n": 70, "p_value": 0.780273492870298, "tau": 0.02289787109427368}, "Fluoride, Dissolved": {"n": 32, "p_value": 0.9224688464191064, "tau": -0.012121236855931482}, "Oxygen, Dissolved, Total": {"n": 46, "p_value": 0.718968165175235, "tau": -0.036768301909600176}, "Oxygen, Saturation, Total": {"n": 21, "p_value": 0.15756693704634156, "tau": 0.2285714285714286}, "Sulfate, Dissolved": {"n": 32, "p_value": 0.37542540120768325, "tau": 0.11290322580645162}, "Boron, Dissolved": {"n": 30, "p_value": 0.04935181156469574, "tau": 0.25553080147489343}, "Coliform, Fecal (Single Sample)": {"n": 64, "p_value": 0.5123980669147583, "tau": 0.05645913837037896}, "E. coli (Single Sample)": {"n": 50, "p_value": 0.7126954469059125, "tau": -0.036110485061918204}, "Total Dissolved Solids": {"n": 93, "p_value": 0.6635901773792643, "tau": -0.03087450481131233}, "Phosphorus as P, Total": {"n": 56, "p_value": 0.82098846962218, "tau": -0.020915037147045876}}